Country,average_order_value,number_of_orders
Netherlands,5037.308571428572,7
EIRE,1389.5836363636365,22
Spain,928.5427272727273,11
Australia,878.7163636363637,11
Portugal,645.75,9
United Kingdom,561.1061349134002,2194
Germany,540.9429411764706,51
France,514.7415909090909,44
Belgium,376.26375,8
