Country,total_items,return_rate
EIRE,518,8.687258687258687
Germany,1136,7.130281690140845
Portugal,212,3.7735849056603774
Belgium,158,3.1645569620253164
Australia,142,2.112676056338028
Italy,124,1.6129032258064515
France,994,1.6096579476861168
United Kingdom,66118,1.5684079978220757
Spain,366,0.546448087431694
Netherlands,292,0
Norway,147,0
Switzerland,175,0
